name,link
Skip to main content,#mainContent
None,https://www.ebay.com/
Advanced,https://www.ebay.com/sch/ebayadvsearch
Sign in,https://signin.ebay.com/ws/eBayISAPI.dll?SignIn&_trksid=m570.l3348
 Daily Deals,https://www.ebay.com/globaldeals
 Help & Contact,https://ocsnext.ebay.com/ocs/home
 Sell,https://www.ebay.com/sl/sell
None,https://www.ebay.com/mye/myebay/watchlist
Expand Watch List,#gh-wl-click
Sign in,https://signin.ebay.com/ws/eBayISAPI.dll?SignIn&ru=ru
None,https://www.ebay.com/mys/home?source=GBH
Expand My eBay,#gh-eb-My
 Summary,https://www.ebay.com/myb/Summary
 Recently Viewed,https://www.ebay.com/mye/myebay/rvi
 Bids/Offers,https://www.ebay.com/myb/BidsOffers
 Watchlist,https://www.ebay.com/mye/myebay/watchlist
 Purchase History,https://www.ebay.com/mye/myebay/purchase
 Buy Again,https://www.ebay.com/mye/buyagain
 Selling,https://www.ebay.com/mys/home?CurrentPage=MyeBayAllSelling&ssPageName=STRK:ME:LNLK:MESX&source=GBH
 Saved Searches,https://www.ebay.com/myb/SavedSearches
 Saved Sellers,https://www.ebay.com/myb/SavedSellers
 Messages,https://mesg.ebay.com/mesgweb/ViewMessages/0
None,https://cart.payments.ebay.com/sc/view
Expand Cart,#gh-minicart-hover
Saved,https://www.ebay.com/feed
Electronics,https://www.ebay.com/b/Electronics/bn_7000259124
Cell phones and accessories,https://www.ebay.com/b/Cell-Phones-Smart-Watches-Accessories/15032/bn_1865441
Video games and consoles,https://www.ebay.com/b/Video-Games-Consoles/1249/bn_1850232
Computers and tablets,https://www.ebay.com/b/Computers-Tablets-Network-Hardware/58058/bn_1865247
Cameras and photos,https://www.ebay.com/b/Cameras-Photo/625/bn_1865546
Camera drones,https://www.ebay.com/b/Camera-Drones/179697/bn_89951
Asian Brands,https://www.ebay.com/b/Emerging-Brands/bn_7116135159
Smart home,https://www.ebay.com/b/Surveillance-Smart-Home-Electronics/185067/bn_115028425
Apple,https://www.ebay.com/b/Apple/bn_21819543
Samsung,https://www.ebay.com/b/Samsung/bn_21834655
Xiaomi,https://www.ebay.com/b/Xiaomi/bn_21838783
Portable audio and headphones,https://www.ebay.com/b/Portable-Audio-Headphones/15052/bn_1642614
Smart watches,https://www.ebay.com/b/Smart-Watches/178893/bn_152365
Deals,https://www.ebay.com/globaldeals/tech
Sell on eBay,https://export.ebay.com/en/?utm_source=ebay&utm_medium=flyout&utm_campaign=sell
Fashion,https://www.ebay.com/b/Fashion/bn_7000259856
Footwear,https://www.ebay.com/b/Shoes/bn_7000259122
Women's clothing,https://www.ebay.com/b/Womens-Clothing/15724/bn_661783
Footwear for women,https://www.ebay.com/b/Womens-Shoes/3034/bn_740022
Clothes for men,https://www.ebay.com/b/Mens-Clothing/1059/bn_696958
Men's footwear,https://www.ebay.com/b/Mens-Shoes/93427/bn_61999
Watches,https://www.ebay.com/b/Wristwatches/31387/bn_2408451
Jewelry,https://www.ebay.com/b/Jewelry/bn_7000259126
Accessories for men,https://www.ebay.com/b/Mens-Accessories/4250/bn_1642245
Accessories for women,https://www.ebay.com/b/Womens-Accessories/4251/bn_1519247
Bags and wallets for women,https://www.ebay.com/b/Womens-Bags-Handbags/169291/bn_738272
Mens sunglasses,https://www.ebay.com/b/Mens-Sunglasses/79720/bn_739004
Womens sunglasess,https://www.ebay.com/b/Womens-Sunglasses-Sunglasses-Accessories/179247/bn_1519274
Sneakers,https://www.ebay.com/b/Retail-Campaign/bn_7116433159
Deals,https://www.ebay.com/globaldeals/fashion
Sell on eBay,https://export.ebay.com/en/?utm_source=ebay&utm_medium=flyout&utm_campaign=sell
Health & Beauty,https://www.ebay.com/b/Health-Beauty/26395/bn_1865479
Beauty,https://www.ebay.com/b/Beauty/bn_7000259123
Makeup,https://www.ebay.com/b/Makeup-Products/31786/bn_1865570
Health,https://www.ebay.com/b/Health/bn_7000259659
K-Beauty,https://www.ebay.com/b/Korean-Health-and-Beauty/bn_7116437158
Manicure and pedicure,https://www.ebay.com/b/Manicure-Pedicure-Nail-Care-Products/47945/bn_223038
Hair products,https://www.ebay.com/b/Hair-Care-Styling-Products/11854/bn_1855355
Skin products,https://www.ebay.com/b/Skin-Care-Products/11863/bn_1856572
Orthopedic products,https://www.ebay.com/b/Orthopedic-Products-Supports/182132/bn_16564143
Vitamins and food supplements,https://www.ebay.com/b/Vitamins-Dietary-Supplements/180959/bn_7203746
Shaving and waxing,https://www.ebay.com/b/Shaving-Hair-Removal-Products/31762/bn_223821
Bath and personal hygiene,https://www.ebay.com/b/Bath-Body-Products/11838/bn_1850348
Oral hygiene,https://www.ebay.com/b/Oral-Care-Products/31769/bn_695503
Massagers,https://www.ebay.com/b/Massagers/36449/bn_2310044
Deals,https://www.ebay.com/globaldeals/fashion/health
Sell on eBay,https://export.ebay.com/en/?utm_source=ebay&utm_medium=flyout&utm_campaign=sell
Home & Garden,https://www.ebay.com/b/Home-Garden/11700/bn_1853126
Workshop Tools and Equipment,https://www.ebay.com/b/Tools-Workshop-Equipment/631/bn_1851815
"Patio, garden and outdoors",https://www.ebay.com/b/Yard-Garden-Outdoor-Living-Items/159912/bn_1853607
Home improvement,https://www.ebay.com/b/Home-Improvement/159907/bn_1851980
"Kitchen, dining and bar",https://www.ebay.com/b/Kitchen-Dining-Bar-Supplies/20625/bn_1865564
"Lamps, lights and fans",https://www.ebay.com/b/Lamps-Lighting-Ceiling-Fans/20697/bn_818527
Interior decoration,https://www.ebay.com/b/Home-Decor/10033/bn_1849733
Home organization,https://ebay.com/b/Home-Organization-Supplies/43502/bn_2311028
Home appliances,https://www.ebay.com/b/Major-Appliances-Parts-Accessories/20710/bn_1865562
Toys,https://www.ebay.com/b/Toys-Hobbies/220/bn_1865497
Pets,https://www.ebay.com/b/Pet-Supplies/1281/bn_1853597
Crafts,https://www.ebay.com/b/Art-Craft-Supplies/14339/bn_1851051
Art supplies,https://ebay.com/b/Art-Supplies/11783/bn_1855076
Musical instruments,https://www.ebay.com/b/Musical-Instruments-Gear/619/bn_1865601
Jewelry and beads,https://ebay.com/b/Beads-Jewelry-Making-Supplies/31723/bn_1860484
Deals,https://www.ebay.com/globaldeals/home
Sell on eBay,https://export.ebay.com/en/?utm_source=ebay&utm_medium=flyout&utm_campaign=sell
Sports,https://www.ebay.com/b/Sporting-Goods/888/bn_1865031
Cycling,https://www.ebay.com/b/Cycling-Equipment/7294/bn_1848937
"Fitness, running and yoga",https://www.ebay.com/b/Fitness-Running-Yoga-Equipment/15273/bn_1855426
Fitness Tech,https://www.ebay.com/b/Fitness-Technology/44075/bn_1944181
Fishing,https://www.ebay.com/b/Fishing-Equipment-Supplies/1492/bn_1851047
Camping,https://www.ebay.com/b/Camping-Hiking-Equipment/16034/bn_1959887
Scooters,https://www.ebay.com/b/Scooters/11330/bn_1989590
Team sports,https://www.ebay.com/b/Team-Sports/159049/bn_1865097
Watersports,https://www.ebay.com/b/Water-Sports/159136/bn_1855031
Winter sports,https://www.ebay.com/b/Winter-Sports/36259/bn_1853285
Box and MMA,https://www.ebay.com/b/Boxing-MMA-Equipment/179767/bn_1865342
Swimming,https://www.ebay.com/b/Swimming-Equipment/74050/bn_1968654
GPS & Running Watches,https://www.ebay.com/b/GPS-Running-Watches/75230/bn_1970916
Garmin,https://www.ebay.com/b/Garmin-Fitness-Technology/44075/bn_1944180
Deals,https://www.ebay.com/globaldeals/home/sporting-goods
Sell on eBay,https://export.ebay.com/en/?utm_source=ebay&utm_medium=flyout&utm_campaign=sell
Collectibles and Art,https://www.ebay.com/b/Collectibles-Art/bn_7000259855
Collectibles,https://www.ebay.com/b/Collectibles/1/bn_1858810
Art,https://www.ebay.com/b/Art/550/bn_1853728
Action figures,https://www.ebay.com/b/Action-Figures/246/bn_1648288
Cartoon characters,https://www.ebay.com/b/Collectible-Animation-Art-Characters/13658/bn_1849452
Movie and TV characters,https://www.ebay.com/b/TV-Movie-Character-Toys/2624/bn_1865498
Diecast,https://www.ebay.com/b/Diecast-Toy-Vehicles/222/bn_1850842
Musical memorabilia,https://www.ebay.com/b/Music-Memorabilia/2329/bn_1861874
Sports memorabilia,https://www.ebay.com/b/Sports-Memorabilia-Fan-Shop-Sports-Cards/64482/bn_1857919
Trading card games,https://www.ebay.com/b/Collectible-Card-Games-Accessories/2536/bn_1852210
Antiques,https://www.ebay.com/b/Antiques/20081/bn_1851017
Comics,https://www.ebay.com/b/Collectible-Comics/63/bn_1865459
Funko pop,https://www.ebay.com/b/Collectible-Funko-Bobbleheads-1970-Now/149372/bn_3017826
Deals,https://www.ebay.com/globaldeals/more/collectibles
Sell on eBay,https://export.ebay.com/en/?utm_source=ebay&utm_medium=flyout&utm_campaign=sell
Industrial equipment,https://www.ebay.com/b/Business-Industrial/12576/bn_1853744
Dental healthcare,https://www.ebay.com/b/Healthcare-Lab-Dental/11815/bn_1851782
Electronic equipment and supplies,https://www.ebay.com/b/Electrical-Equipment-Supplies/92074/bn_1852224
Metallurgy and manufacturing,https://www.ebay.com/b/CNC-Metalworking-Manufacturing/11804/bn_1861284
Motors and industrial automation,https://www.ebay.com/b/Industrial-Automation-Motion-Controls/42892/bn_2309506
Heavy equipment parts ,https://www.ebay.com/b/Heavy-Equipment-Parts-Accessories/41489/bn_7208228
Light industrial tools,https://www.ebay.com/b/Light-Industrial-Equipment-Tools/61573/bn_1521576
"Inspection, measurement and testing equipment",https://www.ebay.com/b/Test-Measurement-Inspection-Equipment/181939/bn_16566063
Packing and shipping,https://www.ebay.com/b/Packing-Shipping/19273/bn_1865376
Office supplies and equipment,https://www.ebay.com/b/Office-Equipment-Supplies/25298/bn_1856567
Printing and graphic arts,https://www.ebay.com/b/Printing-Graphic-Arts/26238/bn_1865538
Restaurants and food service,https://www.ebay.com/b/Restaurant-Food-Service/11874/bn_1865467
Maintenance and safety,https://www.ebay.com/b/Facility-Maintenance-Safety/11897/bn_2312357
Retail and services,https://www.ebay.com/b/Retail-Services/11890/bn_1860333
Deals,https://www.ebay.com/globaldeals/more/business-industrial
Sell on eBay,https://export.ebay.com/en/?utm_source=ebay&utm_medium=flyout&utm_campaign=sell
Motors,https://www.ebay.com/sch/6028/i.html?_from=R40&_nkw=Auto+Parts+Accessories&_blrs=recall_filtering
Auto and truck parts,https://www.ebay.com/sch/6030/i.html?_from=R40&_nkw=Car+Truck+Parts&_blrs=recall_filtering
Tools and supplies,https://www.ebay.com/sch/34998/i.html?_from=R40&_nkw=Automotive+Tools+Supplies&_blrs=recall_filtering
Turbo chargers,https://www.ebay.com/sch/33742/i.html?_from=R40&_nkw=Turbo+Chargers+Parts&_blrs=recall_filtering
Clothing and merchandise,https://www.ebay.com/sch/6747/i.html?_from=R40&_nkw=Motors+Apparel+Merchandise&_blrs=recall_filtering
Shock absorbers,https://www.ebay.com/sch/33590/i.html?_from=R40&_nkw=Shocks+Struts+Parts&_blrs=recall_filtering
Electronic and GPS,https://www.ebay.com/sch/33615/i.html?_from=R40&_nkw=Complete+Car+Truck+Engines&_blrs=recall_filtering
Car Care and Detailing,https://www.ebay.com/sch/38634/i.html?_from=R40&_nkw=Air+Intake+Systems&_blrs=recall_filtering
Vintage pieces,https://www.ebay.com/sch/10073/i.html?_from=R40&_nkw=Vintage+Car+Trucks+Parts&_blrs=recall_filtering
Motorcycle parts,https://www.ebay.com/sch/10063/i.html?_from=R40&_nkw=Motorcycle+Parts&_blrs=recall_filtering
Body and frame,https://www.ebay.com/sch/35559/i.html?_from=R40&_nkw=Motorcycle+Body+Frame&_blrs=recall_filtering
Engines and parts,https://www.ebay.com/sch/171107/i.html?_from=R40&_nkw=Motorcycle+Engines+Parts&_blrs=recall_filtering
Accessories,https://www.ebay.com/sch/25622/i.html?_from=R40&_nkw=Motorcycle+Accessories&_blrs=recall_filtering
Exhausts and systems,https://www.ebay.com/sch/180027/i.html?_from=R40&_nkw=Exhaust&_blrs=recall_filtering
Rims,https://www.ebay.com/sch/180035/i.html?_from=R40&_nkw=Motorcycle+Wheels+Tires+Tubes&_blrs=recall_filtering
Deals,https://www.ebay.com/globaldeals/more/automotive
Sell on eBay,https://export.ebay.com/en/?utm_source=ebay&utm_medium=flyout&utm_campaign=sell
Deals,https://www.ebay.com/globaldeals
Sell,https://export.ebay.com/en/
Create listing,https://bulksell.ebay.com/ws/eBayISAPI.dll?SingleList&sellingMode=AddItem
Apply as a business,https://export.ebay.com/en/new-sellers/?utm_source=ebay&utm_medium=flyout&utm_campaign=sell
Seller center,https://export.ebay.com/en/?utm_source=ebay&utm_medium=flyout&utm_campaign=sell
Electronics,https://www.ebay.com/b/Electronics/bn_7000259124
Fashion,https://www.ebay.com/b/Fashion/bn_7000259856
Health & Beauty,https://www.ebay.com/b/Health-Beauty/26395/bn_1865479
Home & Garden,https://www.ebay.com/b/Home-Garden/11700/bn_1853126
Sports,https://www.ebay.com/b/Sporting-Goods/888/bn_1865031
Collectibles and Art,https://www.ebay.com/b/Collectibles-Art/bn_7000259855
Industrial equipment,https://www.ebay.com/b/Business-Industrial/12576/bn_1853744
Motors,https://www.ebay.com/sch/6028/i.html?_from=R40&_nkw=Auto+Parts+Accessories&_blrs=recall_filtering
Deals,https://www.ebay.com/globaldeals
Sell,https://export.ebay.com/en/
None,https://svcs.ebay.com/delstats/clk/rtm?url=https%3A%2F%2Fwww.ebay.com%2Fe%2Frow%2Fhome-and-garden-row&p=100000&mc=YnM9MTA4fHQ9MHx0ZHQ9aWlkOjU4MzQ1NjIxMDA0MTU1MzgwOSxjbGtpZDo1ODM0NTYyMTAwNDE1NTM4MDh8Ync9TEFSR0V8cGxtdD0oY2hhbm5lbDpudWxsIGNpZDo2MTI2MiBnYmg6Y29tLmViYXkubWFya2V0aW5nLnJ0bS5jb21wb25lbnRzLnNlZ21lbnQuZ2V0aHUubW9kZWxzLlNlZ21lbnRANjg1NSBpaWQ6NTgzNDU2MjEwMDQxNTUzODA5IG1pZDoxMDMzMzggcGFnZWNpOmVkMDBlZTVjLTg5ZDYtNDVkYy04ODE4LWQyYjA0ZTFhYzBlYSBwYXJlbnRycTo4MThkYTRmMTE4MDBhZDM5MGZhNmU2NDFmZmY0ZmRmMCBwaWQ6MTAwMDAwIHNpZDotMSB0aWQ6MGQxMTc5YzctNWQ4MC00ZGNlLWJhMTEtNjE3MDY3MmI1MmI1IHR0eXBlOkhPTUVfUEFHRV9CQU5ORVJfVkVMT0NJVFkgdmlkOjk5ZGVhNTM5NzgyZDFjMzhkNDkyMTYwYjVjYzdlZTMzOWYzYjA0ODc2NzVjYzU3M2RkZjdmYmZlMDg0NmJmN2EpfHVsPWVuLVVTfGd1aWQ9ODE4ZGE1MGIxODAwYWQzOTBmYTE3MmNjZmZkYzE3OTN8bT0xMDMzMzh8bW9idHJrSWQ9Y2VmZjliNjYtOWRlMS00ZGI5LTgyNWQtN2U0MWQ5YmNjYjZjfnNBaTZoTThKbVlVTkh3VDhPdlFHZUxqOWpPNFNlV21QajNSeVNjaWdUamh+R0VtV3pSdFFSVVBPczc3QVFxa0E2MlhSQm00WGpnNE13UHFkRXV4bmFwWnx1Yz0xMDg%3D&_trkparms=pageci%3Ac08790de-c996-11ec-b7a9-46d5eb69bccd%7Cparentrq%3A818da4f11800ad390fa6e641fff4fdf0%7Ciid%3A0
None,https://svcs.ebay.com/delstats/clk/rtm?url=https%3A%2F%2Fwww.ebay.com%2Fe%2Frow%2Fhome-and-garden-row&p=100000&mc=YnM9MTA4fHQ9MHx0ZHQ9aWlkOjU4MzQ1NjIxMDA0MTU1MzgwOSxjbGtpZDo1ODM0NTYyMTAwNDE1NTM4MDh8Ync9TEFSR0V8cGxtdD0oY2hhbm5lbDpudWxsIGNpZDo2MTI2MiBnYmg6Y29tLmViYXkubWFya2V0aW5nLnJ0bS5jb21wb25lbnRzLnNlZ21lbnQuZ2V0aHUubW9kZWxzLlNlZ21lbnRANjg1NSBpaWQ6NTgzNDU2MjEwMDQxNTUzODA5IG1pZDoxMDMzMzggcGFnZWNpOmVkMDBlZTVjLTg5ZDYtNDVkYy04ODE4LWQyYjA0ZTFhYzBlYSBwYXJlbnRycTo4MThkYTRmMTE4MDBhZDM5MGZhNmU2NDFmZmY0ZmRmMCBwaWQ6MTAwMDAwIHNpZDotMSB0aWQ6MGQxMTc5YzctNWQ4MC00ZGNlLWJhMTEtNjE3MDY3MmI1MmI1IHR0eXBlOkhPTUVfUEFHRV9CQU5ORVJfVkVMT0NJVFkgdmlkOjk5ZGVhNTM5NzgyZDFjMzhkNDkyMTYwYjVjYzdlZTMzOWYzYjA0ODc2NzVjYzU3M2RkZjdmYmZlMDg0NmJmN2EpfHVsPWVuLVVTfGd1aWQ9ODE4ZGE1MGIxODAwYWQzOTBmYTE3MmNjZmZkYzE3OTN8bT0xMDMzMzh8bW9idHJrSWQ9Y2VmZjliNjYtOWRlMS00ZGI5LTgyNWQtN2U0MWQ5YmNjYjZjfnNBaTZoTThKbVlVTkh3VDhPdlFHZUxqOWpPNFNlV21QajNSeVNjaWdUamh+R0VtV3pSdFFSVVBPczc3QVFxa0E2MlhSQm00WGpnNE13UHFkRXV4bmFwWnx1Yz0xMDg%3D&_trkparms=pageci%3Ac08790de-c996-11ec-b7a9-46d5eb69bccd%7Cparentrq%3A818da4f11800ad390fa6e641fff4fdf0%7Ciid%3A0
None,https://svcs.ebay.com/delstats/clk/rtm?url=https%3A%2F%2Fwww.ebay.com%2Fe%2Frow%2Fhome-and-garden-row&p=100000&mc=YnM9MTA4fHQ9MHx0ZHQ9aWlkOjU4MzQ1NjIxMDA0MTU1MzgwOSxjbGtpZDo1ODM0NTYyMTAwNDE1NTM4MDh8Ync9TEFSR0V8cGxtdD0oY2hhbm5lbDpudWxsIGNpZDo2MTI2MiBnYmg6Y29tLmViYXkubWFya2V0aW5nLnJ0bS5jb21wb25lbnRzLnNlZ21lbnQuZ2V0aHUubW9kZWxzLlNlZ21lbnRANjg1NSBpaWQ6NTgzNDU2MjEwMDQxNTUzODA5IG1pZDoxMDMzMzggcGFnZWNpOmVkMDBlZTVjLTg5ZDYtNDVkYy04ODE4LWQyYjA0ZTFhYzBlYSBwYXJlbnRycTo4MThkYTRmMTE4MDBhZDM5MGZhNmU2NDFmZmY0ZmRmMCBwaWQ6MTAwMDAwIHNpZDotMSB0aWQ6MGQxMTc5YzctNWQ4MC00ZGNlLWJhMTEtNjE3MDY3MmI1MmI1IHR0eXBlOkhPTUVfUEFHRV9CQU5ORVJfVkVMT0NJVFkgdmlkOjk5ZGVhNTM5NzgyZDFjMzhkNDkyMTYwYjVjYzdlZTMzOWYzYjA0ODc2NzVjYzU3M2RkZjdmYmZlMDg0NmJmN2EpfHVsPWVuLVVTfGd1aWQ9ODE4ZGE1MGIxODAwYWQzOTBmYTE3MmNjZmZkYzE3OTN8bT0xMDMzMzh8bW9idHJrSWQ9Y2VmZjliNjYtOWRlMS00ZGI5LTgyNWQtN2U0MWQ5YmNjYjZjfnNBaTZoTThKbVlVTkh3VDhPdlFHZUxqOWpPNFNlV21QajNSeVNjaWdUamh+R0VtV3pSdFFSVVBPczc3QVFxa0E2MlhSQm00WGpnNE13UHFkRXV4bmFwWnx1Yz0xMDg%3D&_trkparms=pageci%3Ac08790de-c996-11ec-b7a9-46d5eb69bccd%7Cparentrq%3A818da4f11800ad390fa6e641fff4fdf0%7Ciid%3A0
None,https://svcs.ebay.com/delstats/clk/rtm?url=https%3A%2F%2Fwww.ebay.com%2Fb%2FAuto-parts-and-Accessories%2Fbn_7117641174&p=100001&mc=YnM9MTA4fHQ9MHx0ZHQ9aWlkOjU4MzQ1NjIxMDA0MTU1MzgwNyxjbGtpZDo1ODM0NTYyMTAwNDE1NTM4MDZ8Ync9TEFSR0V8cGxtdD0oY2hhbm5lbDpudWxsIGNpZDo1MDkzMyBnYmg6Y29tLmViYXkubWFya2V0aW5nLnJ0bS5jb21wb25lbnRzLnNlZ21lbnQuZ2V0aHUubW9kZWxzLlNlZ21lbnRANDc1ZSBpaWQ6NTgzNDU2MjEwMDQxNTUzODA3IG1pZDo4MDUzNyBwYWdlY2k6ZWQwMGVlNWMtODlkNi00NWRjLTg4MTgtZDJiMDRlMWFjMGVhIHBhcmVudHJxOjgxOGRhNGYxMTgwMGFkMzkwZmE2ZTY0MWZmZjRmZGYwIHBpZDoxMDAwMDEgc2lkOi0xIHRpZDo3MzMyNGRlOS1lMjRkLTQ0NzEtYjhkNC1lOTE5N2E0MDQzYWYgdHR5cGU6SE9NRV9QQUdFX0JBTk5FUl9WRUxPQ0lUWSB2aWQ6ZmNhZDM4ZGY0YmViN2Q2YWVhOTdjMjkwYTVjZTI2NjJmMjJjMGZmZDM0YTdiNDhkMGNmNjljNzU2YjZhMmU4ZCl8dWw9ZW4tVVN8Z3VpZD04MThkYTUwYjE4MDBhZDM5MGZhMTcyY2NmZmRjMTc5M3xtPTgwNTM3fG1vYnRya0lkPWNlZmY5YjY2LTlkZTEtNGRiOS04MjVkLTdlNDFkOWJjY2I2Y35zQWk2aE04Sm1ZVU5Id1Q4T3ZRR2VMajlqTzRTZVdtUGozUnlTY2lnVGpofkdFbVd6UnRRUlVQT3M3N0FRcWtBNjJYUkJtNFhqZzRNd1BxZEV1eG5hcFp8dWM9MTA4&_trkparms=pageci%3Ac08790de-c996-11ec-b7a9-46d5eb69bccd%7Cparentrq%3A818da4f11800ad390fa6e641fff4fdf0%7Ciid%3A0
None,https://svcs.ebay.com/delstats/clk/rtm?url=https%3A%2F%2Fwww.ebay.com%2Fb%2FAuto-parts-and-Accessories%2Fbn_7117641174&p=100001&mc=YnM9MTA4fHQ9MHx0ZHQ9aWlkOjU4MzQ1NjIxMDA0MTU1MzgwNyxjbGtpZDo1ODM0NTYyMTAwNDE1NTM4MDZ8Ync9TEFSR0V8cGxtdD0oY2hhbm5lbDpudWxsIGNpZDo1MDkzMyBnYmg6Y29tLmViYXkubWFya2V0aW5nLnJ0bS5jb21wb25lbnRzLnNlZ21lbnQuZ2V0aHUubW9kZWxzLlNlZ21lbnRANDc1ZSBpaWQ6NTgzNDU2MjEwMDQxNTUzODA3IG1pZDo4MDUzNyBwYWdlY2k6ZWQwMGVlNWMtODlkNi00NWRjLTg4MTgtZDJiMDRlMWFjMGVhIHBhcmVudHJxOjgxOGRhNGYxMTgwMGFkMzkwZmE2ZTY0MWZmZjRmZGYwIHBpZDoxMDAwMDEgc2lkOi0xIHRpZDo3MzMyNGRlOS1lMjRkLTQ0NzEtYjhkNC1lOTE5N2E0MDQzYWYgdHR5cGU6SE9NRV9QQUdFX0JBTk5FUl9WRUxPQ0lUWSB2aWQ6ZmNhZDM4ZGY0YmViN2Q2YWVhOTdjMjkwYTVjZTI2NjJmMjJjMGZmZDM0YTdiNDhkMGNmNjljNzU2YjZhMmU4ZCl8dWw9ZW4tVVN8Z3VpZD04MThkYTUwYjE4MDBhZDM5MGZhMTcyY2NmZmRjMTc5M3xtPTgwNTM3fG1vYnRya0lkPWNlZmY5YjY2LTlkZTEtNGRiOS04MjVkLTdlNDFkOWJjY2I2Y35zQWk2aE04Sm1ZVU5Id1Q4T3ZRR2VMajlqTzRTZVdtUGozUnlTY2lnVGpofkdFbVd6UnRRUlVQT3M3N0FRcWtBNjJYUkJtNFhqZzRNd1BxZEV1eG5hcFp8dWM9MTA4&_trkparms=pageci%3Ac08790de-c996-11ec-b7a9-46d5eb69bccd%7Cparentrq%3A818da4f11800ad390fa6e641fff4fdf0%7Ciid%3A0
None,https://svcs.ebay.com/delstats/clk/rtm?url=https%3A%2F%2Fwww.ebay.com%2Fb%2FAuto-parts-and-Accessories%2Fbn_7117641174&p=100001&mc=YnM9MTA4fHQ9MHx0ZHQ9aWlkOjU4MzQ1NjIxMDA0MTU1MzgwNyxjbGtpZDo1ODM0NTYyMTAwNDE1NTM4MDZ8Ync9TEFSR0V8cGxtdD0oY2hhbm5lbDpudWxsIGNpZDo1MDkzMyBnYmg6Y29tLmViYXkubWFya2V0aW5nLnJ0bS5jb21wb25lbnRzLnNlZ21lbnQuZ2V0aHUubW9kZWxzLlNlZ21lbnRANDc1ZSBpaWQ6NTgzNDU2MjEwMDQxNTUzODA3IG1pZDo4MDUzNyBwYWdlY2k6ZWQwMGVlNWMtODlkNi00NWRjLTg4MTgtZDJiMDRlMWFjMGVhIHBhcmVudHJxOjgxOGRhNGYxMTgwMGFkMzkwZmE2ZTY0MWZmZjRmZGYwIHBpZDoxMDAwMDEgc2lkOi0xIHRpZDo3MzMyNGRlOS1lMjRkLTQ0NzEtYjhkNC1lOTE5N2E0MDQzYWYgdHR5cGU6SE9NRV9QQUdFX0JBTk5FUl9WRUxPQ0lUWSB2aWQ6ZmNhZDM4ZGY0YmViN2Q2YWVhOTdjMjkwYTVjZTI2NjJmMjJjMGZmZDM0YTdiNDhkMGNmNjljNzU2YjZhMmU4ZCl8dWw9ZW4tVVN8Z3VpZD04MThkYTUwYjE4MDBhZDM5MGZhMTcyY2NmZmRjMTc5M3xtPTgwNTM3fG1vYnRya0lkPWNlZmY5YjY2LTlkZTEtNGRiOS04MjVkLTdlNDFkOWJjY2I2Y35zQWk2aE04Sm1ZVU5Id1Q4T3ZRR2VMajlqTzRTZVdtUGozUnlTY2lnVGpofkdFbVd6UnRRUlVQT3M3N0FRcWtBNjJYUkJtNFhqZzRNd1BxZEV1eG5hcFp8dWM9MTA4&_trkparms=pageci%3Ac08790de-c996-11ec-b7a9-46d5eb69bccd%7Cparentrq%3A818da4f11800ad390fa6e641fff4fdf0%7Ciid%3A0
None,https://www.ebay.com/globaldeals?_trkparms=pageci%3Ac08790de-c996-11ec-b7a9-46d5eb69bccd%7Cparentrq%3A818da4f11800ad390fa6e641fff4fdf0%7Ciid%3A2
None,https://www.ebay.com/globaldeals?_trkparms=pageci%3Ac08790de-c996-11ec-b7a9-46d5eb69bccd%7Cparentrq%3A818da4f11800ad390fa6e641fff4fdf0%7Ciid%3A2
None,https://www.ebay.com/b/Apple/bn_21819543
None,https://www.ebay.com/b/Samsung/bn_21834655
None,https://www.ebay.com/b/Sony/bn_21835731
None,https://www.ebay.com/sch/i.html?_from=R40&_nkw=Ugreen&_blrs=spell_auto_correct
None,https://www.ebay.com/b/Xiaomi/bn_21838783
None,https://www.ebay.com/b/Nike/bn_21831651
None,https://www.ebay.com/sch/i.html?_from=R40&_trksid=m570.l1313&_nkw=Born+Pretty&_sacat=0
None,https://www.ebay.com/globaldeals?_trkparms=pageci%3Ac08790de-c996-11ec-b7a9-46d5eb69bccd%7Cparentrq%3A818da4f11800ad390fa6e641fff4fdf0%7Ciid%3A4
None,https://www.ebay.com/globaldeals?_trkparms=pageci%3Ac08790de-c996-11ec-b7a9-46d5eb69bccd%7Cparentrq%3A818da4f11800ad390fa6e641fff4fdf0%7Ciid%3A4
None,https://www.ebay.com/b/Retail-Campaign/bn_7116433159
None,https://www.ebay.com/b/Korean-Health-and-Beauty/bn_7116437158
None,https://www.ebay.com/b/Wristwatches/31387/bn_2408451
None,https://www.ebay.com/b/Fishing-Equipment-Supplies/1492/bn_1851047
None,https://www.ebay.com/b/Collectibles-Art/bn_7000259855
None,https://www.ebay.com/b/Cell-Phones-Smart-Watches-Accessories/15032/bn_1865441
None,https://export.ebay.com/ru
None,https://www.ebay.com/globaldeals?_trkparms=pageci%3Ac08790de-c996-11ec-b7a9-46d5eb69bccd%7Cparentrq%3A818da4f11800ad390fa6e641fff4fdf0%7Ciid%3A1
None,https://www.ebay.com/globaldeals?_trkparms=pageci%3Ac08790de-c996-11ec-b7a9-46d5eb69bccd%7Cparentrq%3A818da4f11800ad390fa6e641fff4fdf0%7Ciid%3A1
None,https://www.ebay.com/itm/333469473910?_trkparms=pageci%3Ac08790de-c996-11ec-b7a9-46d5eb69bccd%7Cparentrq%3A818da4f11800ad390fa6e641fff4fdf0%7Ciid%3A1
None,https://www.ebay.com/itm/164750674918?_trkparms=pageci%3Ac08790de-c996-11ec-b7a9-46d5eb69bccd%7Cparentrq%3A818da4f11800ad390fa6e641fff4fdf0%7Ciid%3A1
None,https://www.ebay.com/itm/324349993121?_trkparms=pageci%3Ac08790de-c996-11ec-b7a9-46d5eb69bccd%7Cparentrq%3A818da4f11800ad390fa6e641fff4fdf0%7Ciid%3A1
None,https://www.ebay.com/itm/334244445746?_trkparms=pageci%3Ac08790de-c996-11ec-b7a9-46d5eb69bccd%7Cparentrq%3A818da4f11800ad390fa6e641fff4fdf0%7Ciid%3A1
None,https://www.ebay.com/itm/233722799339?_trkparms=pageci%3Ac08790de-c996-11ec-b7a9-46d5eb69bccd%7Cparentrq%3A818da4f11800ad390fa6e641fff4fdf0%7Ciid%3A1
None,https://www.ebay.com/itm/393396413263?_trkparms=pageci%3Ac08790de-c996-11ec-b7a9-46d5eb69bccd%7Cparentrq%3A818da4f11800ad390fa6e641fff4fdf0%7Ciid%3A1
None,https://www.ebay.com/itm/324823435665?_trkparms=pageci%3Ac08790de-c996-11ec-b7a9-46d5eb69bccd%7Cparentrq%3A818da4f11800ad390fa6e641fff4fdf0%7Ciid%3A1
None,https://www.ebay.com/itm/194425595870?_trkparms=pageci%3Ac08790de-c996-11ec-b7a9-46d5eb69bccd%7Cparentrq%3A818da4f11800ad390fa6e641fff4fdf0%7Ciid%3A1
None,https://www.ebay.com/itm/224239115912?_trkparms=pageci%3Ac08790de-c996-11ec-b7a9-46d5eb69bccd%7Cparentrq%3A818da4f11800ad390fa6e641fff4fdf0%7Ciid%3A1
None,https://www.ebay.com/itm/324743042499?_trkparms=pageci%3Ac08790de-c996-11ec-b7a9-46d5eb69bccd%7Cparentrq%3A818da4f11800ad390fa6e641fff4fdf0%7Ciid%3A1
None,https://www.ebay.com/itm/384229716789?_trkparms=pageci%3Ac08790de-c996-11ec-b7a9-46d5eb69bccd%7Cparentrq%3A818da4f11800ad390fa6e641fff4fdf0%7Ciid%3A1
None,https://www.ebay.com/itm/383753671460?_trkparms=pageci%3Ac08790de-c996-11ec-b7a9-46d5eb69bccd%7Cparentrq%3A818da4f11800ad390fa6e641fff4fdf0%7Ciid%3A1
None,https://www.ebay.com/itm/384288388691?_trkparms=pageci%3Ac08790de-c996-11ec-b7a9-46d5eb69bccd%7Cparentrq%3A818da4f11800ad390fa6e641fff4fdf0%7Ciid%3A1
None,https://www.ebay.com/itm/184965585290?_trkparms=pageci%3Ac08790de-c996-11ec-b7a9-46d5eb69bccd%7Cparentrq%3A818da4f11800ad390fa6e641fff4fdf0%7Ciid%3A1
None,https://www.ebay.com/itm/224483515676?_trkparms=pageci%3Ac08790de-c996-11ec-b7a9-46d5eb69bccd%7Cparentrq%3A818da4f11800ad390fa6e641fff4fdf0%7Ciid%3A1
None,https://svcs.ebay.com/delstats/clk/rtm?url=https%3A%2F%2Fwww.ebay.com%2Fe%2Frow%2Fhome-and-garden-row&p=100004&mc=YnM9MTA4fHQ9MHx0ZHQ9aWlkOjU4MzQ1NjIxMTcwMjU3MjYwMSxjbGtpZDo1ODM0NTYyMTE3MDI1NzI2MDB8Ync9TEFSR0V8cGxtdD0oY2hhbm5lbDpudWxsIGNpZDo2MTI2MiBnYmg6Y29tLmViYXkubWFya2V0aW5nLnJ0bS5jb21wb25lbnRzLnNlZ21lbnQuZ2V0aHUubW9kZWxzLlNlZ21lbnRANjg1NiBpaWQ6NTgzNDU2MjExNzAyNTcyNjAxIG1pZDoxMDMzMzkgcGFnZWNpOjgwNTc0ODg0LWQ0NzMtNDU1MC04MGI1LWE4NjllOGFlNTM3NyBwYXJlbnRycTo4MThkYTRmMTE4MDBhZDM5MGZhNmU2NDFmZmY0ZmRmMCBwaWQ6MTAwMDA0IHNpZDotMSB0aWQ6NmI5M2RlNDQtNDU4MS00MDNjLWI0YzQtMGFlMTkwNGUzN2M4IHR0eXBlOkhPTUVfUEFHRV9CQU5ORVJfVkVMT0NJVFkgdmlkOjM4NWNlZjhkZjNjMjIzMjBhYmM5NTZjZDdhNTY5ZTdjZDNmZTgyNGYyZjA1M2VjNjJmNTYxNzVhOTM1YzE1OGEpfHVsPWVuLVVTfGd1aWQ9ODE4ZGE1MGIxODAwYWQzOTBmYTE3MmNjZmZkYzE3OTN8bT0xMDMzMzl8bW9idHJrSWQ9Y2VmZjliNjYtOWRlMS00ZGI5LTgyNWQtN2U0MWQ5YmNjYjZjfnNBaTZoTThKbVlVTkh3VDhPdlFHZUxqOWpPNFNlV21QajNSeVNjaWdUamh+R0VtV3pSdFFSVVBPczc3QVFxa0E2MlhSQm00WGpnNE13UHFkRXV4bmFwWnx1Yz0xMDg%3D&_trkparms=pageci%3Ac08790de-c996-11ec-b7a9-46d5eb69bccd%7Cparentrq%3A818da4f11800ad390fa6e641fff4fdf0%7Ciid%3A1
Get your home and garden ready for summer,https://svcs.ebay.com/delstats/clk/rtm?url=https%3A%2F%2Fwww.ebay.com%2Fe%2Frow%2Fhome-and-garden-row&p=100004&mc=YnM9MTA4fHQ9MHx0ZHQ9aWlkOjU4MzQ1NjIxMTcwMjU3MjYwMSxjbGtpZDo1ODM0NTYyMTE3MDI1NzI2MDB8Ync9TEFSR0V8cGxtdD0oY2hhbm5lbDpudWxsIGNpZDo2MTI2MiBnYmg6Y29tLmViYXkubWFya2V0aW5nLnJ0bS5jb21wb25lbnRzLnNlZ21lbnQuZ2V0aHUubW9kZWxzLlNlZ21lbnRANjg1NiBpaWQ6NTgzNDU2MjExNzAyNTcyNjAxIG1pZDoxMDMzMzkgcGFnZWNpOjgwNTc0ODg0LWQ0NzMtNDU1MC04MGI1LWE4NjllOGFlNTM3NyBwYXJlbnRycTo4MThkYTRmMTE4MDBhZDM5MGZhNmU2NDFmZmY0ZmRmMCBwaWQ6MTAwMDA0IHNpZDotMSB0aWQ6NmI5M2RlNDQtNDU4MS00MDNjLWI0YzQtMGFlMTkwNGUzN2M4IHR0eXBlOkhPTUVfUEFHRV9CQU5ORVJfVkVMT0NJVFkgdmlkOjM4NWNlZjhkZjNjMjIzMjBhYmM5NTZjZDdhNTY5ZTdjZDNmZTgyNGYyZjA1M2VjNjJmNTYxNzVhOTM1YzE1OGEpfHVsPWVuLVVTfGd1aWQ9ODE4ZGE1MGIxODAwYWQzOTBmYTE3MmNjZmZkYzE3OTN8bT0xMDMzMzl8bW9idHJrSWQ9Y2VmZjliNjYtOWRlMS00ZGI5LTgyNWQtN2U0MWQ5YmNjYjZjfnNBaTZoTThKbVlVTkh3VDhPdlFHZUxqOWpPNFNlV21QajNSeVNjaWdUamh+R0VtV3pSdFFSVVBPczc3QVFxa0E2MlhSQm00WGpnNE13UHFkRXV4bmFwWnx1Yz0xMDg%3D&_trkparms=pageci%3Ac08790de-c996-11ec-b7a9-46d5eb69bccd%7Cparentrq%3A818da4f11800ad390fa6e641fff4fdf0%7Ciid%3A1
None,https://svcs.ebay.com/delstats/clk/rtm?url=https%3A%2F%2Fwww.ebay.com%2Fe%2Frow%2Fhome-and-garden-row&p=100004&mc=YnM9MTA4fHQ9MHx0ZHQ9aWlkOjU4MzQ1NjIxMTcwMjU3MjYwMSxjbGtpZDo1ODM0NTYyMTE3MDI1NzI2MDB8Ync9TEFSR0V8cGxtdD0oY2hhbm5lbDpudWxsIGNpZDo2MTI2MiBnYmg6Y29tLmViYXkubWFya2V0aW5nLnJ0bS5jb21wb25lbnRzLnNlZ21lbnQuZ2V0aHUubW9kZWxzLlNlZ21lbnRANjg1NiBpaWQ6NTgzNDU2MjExNzAyNTcyNjAxIG1pZDoxMDMzMzkgcGFnZWNpOjgwNTc0ODg0LWQ0NzMtNDU1MC04MGI1LWE4NjllOGFlNTM3NyBwYXJlbnRycTo4MThkYTRmMTE4MDBhZDM5MGZhNmU2NDFmZmY0ZmRmMCBwaWQ6MTAwMDA0IHNpZDotMSB0aWQ6NmI5M2RlNDQtNDU4MS00MDNjLWI0YzQtMGFlMTkwNGUzN2M4IHR0eXBlOkhPTUVfUEFHRV9CQU5ORVJfVkVMT0NJVFkgdmlkOjM4NWNlZjhkZjNjMjIzMjBhYmM5NTZjZDdhNTY5ZTdjZDNmZTgyNGYyZjA1M2VjNjJmNTYxNzVhOTM1YzE1OGEpfHVsPWVuLVVTfGd1aWQ9ODE4ZGE1MGIxODAwYWQzOTBmYTE3MmNjZmZkYzE3OTN8bT0xMDMzMzl8bW9idHJrSWQ9Y2VmZjliNjYtOWRlMS00ZGI5LTgyNWQtN2U0MWQ5YmNjYjZjfnNBaTZoTThKbVlVTkh3VDhPdlFHZUxqOWpPNFNlV21QajNSeVNjaWdUamh+R0VtV3pSdFFSVVBPczc3QVFxa0E2MlhSQm00WGpnNE13UHFkRXV4bmFwWnx1Yz0xMDg%3D&_trkparms=pageci%3Ac08790de-c996-11ec-b7a9-46d5eb69bccd%7Cparentrq%3A818da4f11800ad390fa6e641fff4fdf0%7Ciid%3A1
Buy,https://www.ebay.com/n/all-categories
Registration,https://www.ebay.com/help/account/default/ebay-account?id=4188
eBay Money Back Guarantee,https://pages.ebay.com/ebay-money-back-guarantee
Bidding & buying help,https://www.ebay.com/help/buying
Stores,https://www.ebay.com/b/Stores-HUB/bn_7004224522
Sell,https://www.ebay.com/sl/sell
Start selling,https://www.ebay.com/sl/sell
Learn to sell,https://pages.ebay.com/seller-center/get-started/selling-basics.html
Affiliates,https://partnernetwork.ebay.com
Developers,https://developer.ebay.com
Security center,https://pages.ebay.com/securitycenter/index.html
Site map,https://pages.ebay.com/sitemap.html
eBay's Blogs,https://www.ebayinc.com/
None,https://www.facebook.com/eBay
None,https://twitter.com/eBay
About eBay,https://www.ebayinc.com/company
Company info,https://www.ebayinc.com/our-company/
News,https://www.ebayinc.com/stories/news/
Investors,https://investors.ebayinc.com
Careers,https://careers.ebayinc.com/
Government relations,https://www.ebaymainstreet.com
Advertise with us,https://www.ebayads.com
Policies,https://www.ebay.com/help/policies/default/ebays-rules-policies?id=4205
Verified Rights Owner (VeRO) Program,https://pages.ebay.com/seller-center/listing-and-marketing/verified-rights-owner-program.html#what-is-the-vero-program
Help & Contact,https://www.ebay.com/help/home
Seller Information Center,https://pages.ebay.com/seller-center/index.html
Contact us,https://www.ebay.com/help/home
Community,https://community.ebay.com
Announcements,https://community.ebay.com/t5/Announcements/bg-p/Announcements
Discussion boards,https://community.ebay.com/t5/Discussions/ct-p/12001
eBay Giving Works,https://charity.ebay.com/
None,https://www.ebay.com
None,https://ar.ebay.com
None,https://www.ebay.com.au
None,https://www.ebay.at
None,https://by.ebay.com
None,http://www.ebay.be
None,https://bo.ebay.com
None,https://br.ebay.com
None,https://www.ebay.ca
None,https://cl.ebay.com
None,http://www.ebay.cn
None,https://co.ebay.com
None,https://cr.ebay.com
None,https://do.ebay.com
None,https://ec.ebay.com
None,https://sv.ebay.com
None,https://www.ebay.fr
None,https://www.ebay.de
None,https://gt.ebay.com
None,https://hn.ebay.com
None,https://www.ebay.com.hk
None,https://www.ebay.in
None,https://www.ebay.ie
None,https://il.ebay.com
None,https://www.ebay.it
None,https://www.ebay.co.jp
None,https://kz.ebay.com
None,http://global.gmarket.co.kr/Home/Main
None,https://www.ebay.com.my
None,https://mx.ebay.com
None,https://www.ebay.nl
None,https://ni.ebay.com
None,https://pa.ebay.com
None,https://py.ebay.com
None,https://pe.ebay.com
None,https://www.ebay.ph
None,https://www.ebay.pl
None,https://pt.ebay.com
None,https://pr.ebay.com
None,https://ru.ebay.com
None,https://www.ebay.com.sg
None,https://www.ebay.es
None,https://www.ebay.ch
None,http://www.ebay.com.tw
None,https://www.gittigidiyor.com
None,https://www.ebay.co.uk
None,https://uy.ebay.com
None,https://ve.ebay.com
About eBay,https://www.ebayinc.com/company
Announcements,https://community.ebay.com/t5/Announcements/bg-p/Announcements
Community,https://community.ebay.com
Security Center,https://pages.ebay.com/securitycenter/index.html
Seller Information Center,https://pages.ebay.com/seller-center/index.html
Policies,https://www.ebay.com/help/policies/default/ebays-rules-policies?id=4205
Affiliates,https://partnernetwork.ebay.com
Help & Contact,https://www.ebay.com/help/home
Site Map,https://pages.ebay.com/sitemap.html
Accessibility,https://www.ebayinc.com/accessibility/
User Agreement,https://pages.ebay.com/help/policies/user-agreement.html
Privacy,https://pages.ebay.com/help/policies/privacy-policy.html
Cookies,https://pages.ebay.com/help/account/cookies-web-beacons.html
Do not sell my personal information,https://www.ebay.com/adchoice/ccpa
AdChoice,https://www.ebay.com/adchoice
Norton Secured - powered by DigiCert,https://seal.digicert.com/seals/popup/?tag=BIEBu4RK&url=www.ebay.com&lang=en&cbr=1651410107229
